<?xml version="1.0" encoding="UTF-8"?>

<faces-config
    xmlns="http://java.sun.com/xml/ns/javaee"
    xmlns:xsi="http://www.w3.org/2001/XMLSchema-instance"
    xsi:schemaLocation="http://java.sun.com/xml/ns/javaee http://java.sun.com/xml/ns/javaee/web-facesconfig_1_2.xsd"
    version="1.2">
    
    <managed-bean>
    	<managed-bean-name>personCtrl</managed-bean-name>
    	<managed-bean-class>control.PersonCtrl</managed-bean-class>
    	<managed-bean-scope>session</managed-bean-scope>
    </managed-bean>
    
    <navigation-rule>
    	<display-name>add</display-name>
    	<from-view-id>/add.jsp</from-view-id>
    	<navigation-case>
    		<from-outcome>list</from-outcome>
    		<to-view-id>/list.jsp</to-view-id>
    		<redirect />
    	</navigation-case>
    </navigation-rule>
    
    <navigation-rule>
    	<from-view-id>/list.jsp</from-view-id>
    	<navigation-case>
    		<from-outcome>edit</from-outcome>
    		<to-view-id>/edit.jsp</to-view-id>
    		<redirect />
    	</navigation-case>
    </navigation-rule>
    
    <navigation-rule>
    	<from-view-id>/edit.jsp</from-view-id>
    	<navigation-case>
    		<from-outcome>update</from-outcome>
    		<to-view-id>/list.jsp</to-view-id>
    		<redirect />
    	</navigation-case>
    </navigation-rule>

</faces-config>
